-- phpMyAdmin SQL Dump
-- version 4.1.12
-- http://www.phpmyadmin.net
--
-- Servidor: 127.0.0.1
-- Tiempo de generación: 09-01-2017 a las 18:54:03
-- Versión del servidor: 5.5.36
-- Versión de PHP: 5.4.27

SET SQL_MODE = "NO_AUTO_VALUE_ON_ZERO";
SET time_zone = "+00:00";


/*!40101 SET @OLD_CHARACTER_SET_CLIENT=@@CHARACTER_SET_CLIENT */;
/*!40101 SET @OLD_CHARACTER_SET_RESULTS=@@CHARACTER_SET_RESULTS */;
/*!40101 SET @OLD_COLLATION_CONNECTION=@@COLLATION_CONNECTION */;
/*!40101 SET NAMES utf8 */;

--
-- Base de datos: `ddjj`
--
CREATE DATABASE IF NOT EXISTS `ddjj` DEFAULT CHARACTER SET utf8 COLLATE utf8_general_ci;
USE `ddjj`;

-- --------------------------------------------------------

--
-- Estructura de tabla para la tabla `cargos`
--

CREATE TABLE IF NOT EXISTS `cargos` (
  `cargo` varchar(100) NOT NULL,
  PRIMARY KEY (`cargo`)
) ENGINE=InnoDB DEFAULT CHARSET=utf8;

--
-- Volcado de datos para la tabla `cargos`
--

INSERT INTO `cargos` (`cargo`) VALUES
('ASESOR'),
('AUDITOR'),
('DIRECTOR GENERAL'),
('GERENTE OPERATIVO'),
('JEFE DE GOBIERNO'),
('MINISTRO'),
('N/A'),
('PROCURADOR GENERAL'),
('SECRETARIO'),
('SUBSECRETARIO'),
('VICEJEFE DE GOBIERNO');

-- --------------------------------------------------------

--
-- Estructura de tabla para la tabla `declaraciones`
--

CREATE TABLE IF NOT EXISTS `declaraciones` (
  `uuid` int(11) unsigned NOT NULL,
  `cuit` varchar(15) NOT NULL,
  `nombre` varchar(100) NOT NULL,
  `ministerio` varchar(100) DEFAULT NULL,
  `cargo` varchar(100) DEFAULT NULL,
  `fecha` date DEFAULT NULL,
  `tipo` varchar(30) DEFAULT NULL,
  `revision` int(2) DEFAULT NULL,
  PRIMARY KEY (`uuid`)
) ENGINE=InnoDB DEFAULT CHARSET=utf8;

--
-- Volcado de datos para la tabla `declaraciones`
--

INSERT INTO `declaraciones` (`uuid`, `cuit`, `nombre`, `ministerio`, `cargo`, `fecha`, `tipo`, `revision`) VALUES
(476714, '20279391137', 'Emiliano Marino', 'MINISTERIO DE HABITAT Y DESARROLLO HUMANO', 'PROCURADOR GENERAL', '2016-08-19', 'Inicial', 1),
(476715, '20279391137', 'Emiliano Marino', 'MINISTERIO DE HABITAT Y DESARROLLO HUMANO', 'PROCURADOR GENERAL', '2016-08-19', 'Inicial', 2),
(476716, '20279391137', 'Emiliano Marino', 'MINISTERIO DE HABITAT Y DESARROLLO HUMANO', 'PROCURADOR GENERAL', '2016-08-19', 'Actualizacion', 1),
(476717, '20279391137', 'Emiliano Marino', 'MINISTERIO DE HABITAT Y DESARROLLO HUMANO', 'PROCURADOR GENERAL', '2016-08-19', 'Actualizacion', 2),
(476718, '20279391137', 'Emiliano Marino', 'MINISTERIO DE HABITAT Y DESARROLLO HUMANO', 'PROCURADOR GENERAL', '2016-08-19', 'Actualizacion', 3),
(476719, '20279391137', 'Emiliano Marino', 'MINISTERIO DE HABITAT Y DESARROLLO HUMANO', 'PROCURADOR GENERAL', '2016-08-19', 'Inicial', 1),
(476944, '20279391137', 'Emiliano Marino', 'MINISTERIO DE HABITAT Y DESARROLLO HUMANO', 'PROCURADOR GENERAL', '2016-08-23', 'Inicial', 2),
(476946, '27329478616', 'Cecilia Sanchez', 'BANCO CIUDAD', 'SUBSECRETARIO', '2016-08-23', 'Inicial', 1),
(476959, '20279391137', 'Emiliano Marino', 'MINISTERIO DE HABITAT Y DESARROLLO HUMANO', 'PROCURADOR GENERAL', '2016-08-23', 'Inicial', 3),
(476966, '20279391137', 'Emiliano Marino', 'MINISTERIO DE HABITAT Y DESARROLLO HUMANO', 'PROCURADOR GENERAL', '2016-08-23', 'Inicial', 4),
(477022, '27329478616', 'Cecilia Sanchez', 'JEFATURA DE GOBIERNO', 'N/A', '2016-08-23', 'Inicial', 2),
(477151, '27329478616', 'Cecilia Sanchez', 'JEFATURA DE GOBIERNO', 'N/A', '2016-08-24', 'Inicial', 3),
(477181, '27329478616', 'Cecilia Sanchez', 'JEFATURA DE GOBIERNO', 'N/A', '2016-08-25', 'Inicial', 4),
(479238, '20279391137', 'Emiliano Marino', 'MINISTERIO DE HABITAT Y DESARROLLO HUMANO', 'PROCURADOR GENERAL', '2016-09-26', 'Inicial', 5),
(479240, '20279391137', 'Emiliano Marino', 'MINISTERIO DE HABITAT Y DESARROLLO HUMANO', 'PROCURADOR GENERAL', '2016-09-26', 'Inicial', 6),
(479241, '20279391137', 'Emiliano Marino', 'MINISTERIO DE HABITAT Y DESARROLLO HUMANO', 'PROCURADOR GENERAL', '2016-09-26', 'Inicial', 7),
(479242, '20279391137', 'Emiliano Marino', 'MINISTERIO DE HABITAT Y DESARROLLO HUMANO', 'PROCURADOR GENERAL', '2016-09-26', 'Inicial', 8),
(479243, '20279391137', 'Emiliano Marino', 'MINISTERIO DE HABITAT Y DESARROLLO HUMANO', 'PROCURADOR GENERAL', '2016-09-26', 'Inicial', 9),
(479246, '20279391137', 'Emiliano Marino', 'MINISTERIO DE HABITAT Y DESARROLLO HUMANO', 'PROCURADOR GENERAL', '2016-09-26', 'Inicial', 10),
(479247, '20279391137', 'Emiliano Marino', 'MINISTERIO DE HABITAT Y DESARROLLO HUMANO', 'PROCURADOR GENERAL', '2016-09-26', 'Inicial', 11),
(479253, '20279391137', 'Emiliano Marino', 'MINISTERIO DE HABITAT Y DESARROLLO HUMANO', 'PROCURADOR GENERAL', '2016-09-26', 'Inicial', 12),
(479262, '20279391137', 'Emiliano Marino', 'MINISTERIO DE HABITAT Y DESARROLLO HUMANO', 'PROCURADOR GENERAL', '2016-09-26', 'Inicial', 13),
(479269, '20279391137', 'Emiliano Marino', 'MINISTERIO DE HABITAT Y DESARROLLO HUMANO', 'PROCURADOR GENERAL', '2016-09-26', 'Inicial', 14),
(479272, '20279391137', 'Emiliano Marino', 'MINISTERIO DE HABITAT Y DESARROLLO HUMANO', 'PROCURADOR GENERAL', '2016-09-26', 'Inicial', 15),
(479276, '20279391137', 'Emiliano Marino', 'MINISTERIO DE HABITAT Y DESARROLLO HUMANO', 'PROCURADOR GENERAL', '2016-09-26', 'Inicial', 16),
(479284, '20279391137', 'Emiliano Marino', 'MINISTERIO DE HABITAT Y DESARROLLO HUMANO', 'PROCURADOR GENERAL', '2016-09-26', 'Inicial', 17),
(479285, '20279391137', 'Emiliano Marino', 'MINISTERIO DE HABITAT Y DESARROLLO HUMANO', 'PROCURADOR GENERAL', '2016-09-26', 'Inicial', 18),
(483100, '20279391137', 'Emiliano Marino', 'MINISTERIO DE HABITAT Y DESARROLLO HUMANO', 'PROCURADOR GENERAL', '2016-09-27', 'Inicial', 19),
(483101, '20279391137', 'Emiliano Marino', 'MINISTERIO DE HABITAT Y DESARROLLO HUMANO', 'PROCURADOR GENERAL', '2016-09-27', 'Inicial', 20),
(492333, '20279391137', 'Emiliano Marino', 'MINISTERIO DE HABITAT Y DESARROLLO HUMANO', 'PROCURADOR GENERAL', '2016-09-28', 'Inicial', 21),
(492345, '20279391137', 'Emiliano Marino', 'MINISTERIO DE HABITAT Y DESARROLLO HUMANO', 'PROCURADOR GENERAL', '2016-09-28', 'Inicial', 22),
(498535, '20279391137', 'Emiliano Marino', 'MINISTERIO DE HABITAT Y DESARROLLO HUMANO', 'PROCURADOR GENERAL', '2016-09-28', 'Inicial', 23),
(498550, '20279391137', 'Emiliano Marino', 'MINISTERIO DE HABITAT Y DESARROLLO HUMANO', 'PROCURADOR GENERAL', '2016-09-29', 'Inicial', 24),
(498551, '20279391137', 'Emiliano Marino', 'MINISTERIO DE HABITAT Y DESARROLLO HUMANO', 'PROCURADOR GENERAL', '2016-09-29', 'Inicial', 25),
(498552, '20279391137', 'Emiliano Marino', 'MINISTERIO DE HABITAT Y DESARROLLO HUMANO', 'PROCURADOR GENERAL', '2016-09-29', 'Inicial', 26),
(498554, '20279391137', 'Emiliano Marino', 'MINISTERIO DE HABITAT Y DESARROLLO HUMANO', 'PROCURADOR GENERAL', '2016-09-29', 'Inicial', 27),
(498555, '20279391137', 'Emiliano Marino', 'MINISTERIO DE HABITAT Y DESARROLLO HUMANO', 'PROCURADOR GENERAL', '2016-09-29', 'Inicial', 28),
(498556, '20279391137', 'Emiliano Marino', 'MINISTERIO DE HABITAT Y DESARROLLO HUMANO', 'PROCURADOR GENERAL', '2016-09-29', 'Inicial', 29),
(498560, '20279391137', 'Emiliano Marino', 'MINISTERIO DE HABITAT Y DESARROLLO HUMANO', 'PROCURADOR GENERAL', '2016-09-29', 'Inicial', 30),
(498562, '20279391137', 'Emiliano Marino', 'MINISTERIO DE HABITAT Y DESARROLLO HUMANO', 'PROCURADOR GENERAL', '2016-09-29', 'Inicial', 31),
(498577, '20279391137', 'Emiliano Marino', 'MINISTERIO DE HABITAT Y DESARROLLO HUMANO', 'PROCURADOR GENERAL', '2016-09-29', 'Inicial', 32),
(498578, '20279391137', 'Emiliano Marino', 'MINISTERIO DE HABITAT Y DESARROLLO HUMANO', 'PROCURADOR GENERAL', '2016-09-29', 'Inicial', 33),
(498582, '20279391137', 'Emiliano Marino', 'MINISTERIO DE HABITAT Y DESARROLLO HUMANO', 'PROCURADOR GENERAL', '2016-09-29', 'Inicial', 34),
(498583, '20279391137', 'Emiliano Marino', 'MINISTERIO DE HABITAT Y DESARROLLO HUMANO', 'PROCURADOR GENERAL', '2016-09-29', 'Inicial', 35),
(498584, '20279391137', 'Emiliano Marino', 'MINISTERIO DE HABITAT Y DESARROLLO HUMANO', 'PROCURADOR GENERAL', '2016-09-29', 'Inicial', 36),
(498585, '20279391137', 'Emiliano Marino', 'MINISTERIO DE HABITAT Y DESARROLLO HUMANO', 'PROCURADOR GENERAL', '2016-09-29', 'Inicial', 37),
(498590, '20279391137', 'Emiliano Marino', 'MINISTERIO DE HABITAT Y DESARROLLO HUMANO', 'PROCURADOR GENERAL', '2016-09-29', 'Inicial', 38),
(498636, '20279391137', 'Emiliano Marino', 'MINISTERIO DE HABITAT Y DESARROLLO HUMANO', 'PROCURADOR GENERAL', '2016-09-30', 'Inicial', 39),
(498654, '20279391137', 'Emiliano Marino', 'MINISTERIO DE HABITAT Y DESARROLLO HUMANO', 'VICEJEFE DE GOBIERNO', '2016-09-30', 'Inicial', 40),
(498694, '20361722311', 'Juan Manuel Duran', 'N/A', 'N/A', '2016-10-03', 'Inicial', 1),
(498700, '20361722311', 'Juan Manuel Duran', 'F/N SINDICATURA GENERAL DE LA CDAD.DE BS.AS.', 'MINISTRO', '2016-10-03', 'Actualizacion', 1),
(498702, '20279391137', 'Emiliano Marino', 'MINISTERIO DE HABITAT Y DESARROLLO HUMANO', 'VICEJEFE DE GOBIERNO', '2016-10-03', 'Inicial', 41),
(498716, '20279391137', 'Emiliano Marino', 'MINISTERIO DE HABITAT Y DESARROLLO HUMANO', 'VICEJEFE DE GOBIERNO', '2016-10-03', 'Inicial', 42),
(498719, '20279391137', 'Emiliano Marino', 'MINISTERIO DE HABITAT Y DESARROLLO HUMANO', 'VICEJEFE DE GOBIERNO', '2016-10-03', 'Inicial', 43),
(498720, '20279391137', 'Emiliano Marino', 'MINISTERIO DE HABITAT Y DESARROLLO HUMANO', 'VICEJEFE DE GOBIERNO', '2016-10-03', 'Inicial', 44),
(498722, '20279391137', 'Emiliano Marino', 'MINISTERIO DE HABITAT Y DESARROLLO HUMANO', 'VICEJEFE DE GOBIERNO', '2016-10-03', 'Inicial', 45),
(498726, '20279391137', 'Emiliano Marino', 'MINISTERIO DE HABITAT Y DESARROLLO HUMANO', 'VICEJEFE DE GOBIERNO', '2016-10-03', 'Inicial', 46),
(498727, '20279391137', 'Emiliano Marino', 'MINISTERIO DE HABITAT Y DESARROLLO HUMANO', 'VICEJEFE DE GOBIERNO', '2016-10-03', 'Inicial', 47),
(498732, '20279391137', 'Emiliano Marino', 'MINISTERIO DE HABITAT Y DESARROLLO HUMANO', 'VICEJEFE DE GOBIERNO', '2016-10-03', 'Inicial', 48),
(498834, '20279391137', 'Emiliano Marino', 'MINISTERIO DE HABITAT Y DESARROLLO HUMANO', 'VICEJEFE DE GOBIERNO', '2016-10-04', 'Inicial', 49),
(498840, '20279391137', 'Emiliano Marino', 'MINISTERIO DE HABITAT Y DESARROLLO HUMANO', 'VICEJEFE DE GOBIERNO', '2016-10-04', 'Inicial', 50),
(498841, '20279391137', 'Emiliano Marino', 'MINISTERIO DE HABITAT Y DESARROLLO HUMANO', 'VICEJEFE DE GOBIERNO', '2016-10-04', 'Inicial', 51),
(498842, '20279391137', 'Emiliano Marino', 'MINISTERIO DE HABITAT Y DESARROLLO HUMANO', 'VICEJEFE DE GOBIERNO', '2016-10-04', 'Inicial', 52),
(498843, '20279391137', 'Emiliano Marino', 'MINISTERIO DE HABITAT Y DESARROLLO HUMANO', 'VICEJEFE DE GOBIERNO', '2016-10-04', 'Inicial', 53),
(498844, '20279391137', 'Emiliano Marino', 'MINISTERIO DE HABITAT Y DESARROLLO HUMANO', 'VICEJEFE DE GOBIERNO', '2016-10-04', 'Inicial', 54),
(498845, '20279391137', 'Emiliano Marino', 'MINISTERIO DE HABITAT Y DESARROLLO HUMANO', 'VICEJEFE DE GOBIERNO', '2016-10-04', 'Inicial', 55),
(498860, '20279391137', 'Emiliano Marino', 'MINISTERIO DE HABITAT Y DESARROLLO HUMANO', 'VICEJEFE DE GOBIERNO', '2016-10-04', 'Inicial', 56),
(498865, '20279391137', 'Emiliano Marino', 'MINISTERIO DE HABITAT Y DESARROLLO HUMANO', 'VICEJEFE DE GOBIERNO', '2016-10-04', 'Inicial', 57),
(498868, '20279391137', 'Emiliano Marino', 'MINISTERIO DE HABITAT Y DESARROLLO HUMANO', 'VICEJEFE DE GOBIERNO', '2016-10-04', 'Inicial', 58),
(502613, '20279391137', 'Emiliano Marino', 'MINISTERIO DE HABITAT Y DESARROLLO HUMANO', 'VICEJEFE DE GOBIERNO', '2016-10-04', 'Inicial', 59),
(502614, '20279391137', 'Emiliano Marino', 'MINISTERIO DE HABITAT Y DESARROLLO HUMANO', 'VICEJEFE DE GOBIERNO', '2016-10-04', 'Inicial', 60),
(502615, '20279391137', 'Emiliano Marino', 'MINISTERIO DE HABITAT Y DESARROLLO HUMANO', 'VICEJEFE DE GOBIERNO', '2016-10-04', 'Inicial', 61),
(502616, '20279391137', 'Emiliano Marino', 'MINISTERIO DE HABITAT Y DESARROLLO HUMANO', 'VICEJEFE DE GOBIERNO', '2016-10-04', 'Inicial', 62),
(510799, '20279391137', 'Emiliano Marino', 'MINISTERIO DE HABITAT Y DESARROLLO HUMANO', 'VICEJEFE DE GOBIERNO', '2016-10-05', 'Inicial', 63),
(510816, '20279391137', 'Emiliano Marino', 'MINISTERIO DE HABITAT Y DESARROLLO HUMANO', 'VICEJEFE DE GOBIERNO', '2016-10-05', 'Inicial', 64),
(510913, '20279391137', 'Emiliano Marino', 'MINISTERIO DE HABITAT Y DESARROLLO HUMANO', 'VICEJEFE DE GOBIERNO', '2016-10-06', 'Inicial', 65),
(510919, '20279391137', 'Emiliano Marino', 'MINISTERIO DE HABITAT Y DESARROLLO HUMANO', 'VICEJEFE DE GOBIERNO', '2016-10-06', 'Inicial', 66),
(510928, '20279391137', 'Emiliano Marino', 'MINISTERIO DE HABITAT Y DESARROLLO HUMANO', 'VICEJEFE DE GOBIERNO', '2016-10-06', 'Inicial', 67),
(510961, '20279391137', 'Emiliano Marino', 'MINISTERIO DE HABITAT Y DESARROLLO HUMANO', 'VICEJEFE DE GOBIERNO', '2016-10-06', 'Inicial', 68),
(510971, '20279391137', 'Emiliano Marino', 'MINISTERIO DE HABITAT Y DESARROLLO HUMANO', 'VICEJEFE DE GOBIERNO', '2016-10-06', 'Inicial', 69),
(510972, '20279391137', 'Emiliano Marino', 'MINISTERIO DE HABITAT Y DESARROLLO HUMANO', 'VICEJEFE DE GOBIERNO', '2016-10-06', 'Inicial', 70),
(510973, '20279391137', 'Emiliano Marino', 'MINISTERIO DE HABITAT Y DESARROLLO HUMANO', 'VICEJEFE DE GOBIERNO', '2016-10-06', 'Inicial', 71),
(510974, '20279391137', 'Emiliano Marino', 'MINISTERIO DE HABITAT Y DESARROLLO HUMANO', 'VICEJEFE DE GOBIERNO', '2016-10-06', 'Inicial', 72),
(510975, '20279391137', 'Emiliano Marino', 'MINISTERIO DE HABITAT Y DESARROLLO HUMANO', 'VICEJEFE DE GOBIERNO', '2016-10-06', 'Actualizacion', 1),
(510980, '20279391137', 'Emiliano Marino', 'MINISTERIO DE HABITAT Y DESARROLLO HUMANO', 'VICEJEFE DE GOBIERNO', '2016-10-06', 'Inicial', 1),
(510981, '20279391137', 'Emiliano Marino', 'MINISTERIO DE HABITAT Y DESARROLLO HUMANO', 'VICEJEFE DE GOBIERNO', '2016-10-06', 'Inicial', 2),
(510982, '20279391137', 'Emiliano Marino', 'MINISTERIO DE HABITAT Y DESARROLLO HUMANO', 'VICEJEFE DE GOBIERNO', '2016-10-06', 'Inicial', 3),
(511014, '20279391137', 'Emiliano Marino', 'MINISTERIO DE HABITAT Y DESARROLLO HUMANO', 'VICEJEFE DE GOBIERNO', '2016-10-07', 'Inicial', 11),
(511030, '20279391137', 'Emiliano Marino', 'MINISTERIO DE HABITAT Y DESARROLLO HUMANO', 'VICEJEFE DE GOBIERNO', '2016-10-07', 'Inicial', 4),
(511033, '20279391137', 'Emiliano Marino', 'MINISTERIO DE HABITAT Y DESARROLLO HUMANO', 'VICEJEFE DE GOBIERNO', '2016-10-07', 'Inicial', 5),
(511034, '20279391137', 'Emiliano Marino', 'MINISTERIO DE HABITAT Y DESARROLLO HUMANO', 'VICEJEFE DE GOBIERNO', '2016-10-07', 'Inicial', 6),
(511035, '20279391137', 'Emiliano Marino', 'MINISTERIO DE HABITAT Y DESARROLLO HUMANO', 'VICEJEFE DE GOBIERNO', '2016-10-07', 'Inicial', 7),
(511036, '20279391137', 'Emiliano Marino', 'MINISTERIO DE HABITAT Y DESARROLLO HUMANO', 'VICEJEFE DE GOBIERNO', '2016-10-07', 'Inicial', 8),
(511037, '20279391137', 'Emiliano Marino', 'MINISTERIO DE HABITAT Y DESARROLLO HUMANO', 'VICEJEFE DE GOBIERNO', '2016-10-07', 'Inicial', 9),
(511042, '20361722311', 'Juan Manuel Duran', 'F/N SINDICATURA GENERAL DE LA CDAD.DE BS.AS.', 'MINISTRO', '2016-10-07', 'Inicial', 1),
(511054, '20279391137', 'Emiliano Marino', 'MINISTERIO DE HABITAT Y DESARROLLO HUMANO', 'VICEJEFE DE GOBIERNO', '2016-10-07', 'Inicial', 10),
(511071, '20279391137', 'Emiliano Marino', 'MINISTERIO DE HABITAT Y DESARROLLO HUMANO', 'VICEJEFE DE GOBIERNO', '2016-10-07', 'Inicial', 12),
(511072, '20279391137', 'Emiliano Marino', 'MINISTERIO DE HABITAT Y DESARROLLO HUMANO', 'VICEJEFE DE GOBIERNO', '2016-10-07', 'Inicial', 13),
(511073, '20279391137', 'Emiliano Marino', 'MINISTERIO DE HABITAT Y DESARROLLO HUMANO', 'VICEJEFE DE GOBIERNO', '2016-10-07', 'Inicial', 14),
(511095, '20279391137', 'Emiliano Marino', 'MINISTERIO DE HABITAT Y DESARROLLO HUMANO', 'VICEJEFE DE GOBIERNO', '2016-10-07', 'Inicial', 15),
(511096, '20279391137', 'Emiliano Marino', 'MINISTERIO DE HABITAT Y DESARROLLO HUMANO', 'VICEJEFE DE GOBIERNO', '2016-10-07', 'Inicial', 16),
(511097, '20279391137', 'Emiliano Marino', 'MINISTERIO DE HABITAT Y DESARROLLO HUMANO', 'VICEJEFE DE GOBIERNO', '2016-10-07', 'Inicial', 17),
(511125, '20279391137', 'Emiliano Marino', 'MINISTERIO DE HABITAT Y DESARROLLO HUMANO', 'VICEJEFE DE GOBIERNO', '2016-10-07', 'Inicial', 18),
(511130, '20279391137', 'Emiliano Marino', 'MINISTERIO DE HABITAT Y DESARROLLO HUMANO', 'VICEJEFE DE GOBIERNO', '2016-10-07', 'Inicial', 19),
(511134, '20279391137', 'Emiliano Marino', 'MINISTERIO DE HABITAT Y DESARROLLO HUMANO', 'VICEJEFE DE GOBIERNO', '2016-10-07', 'Inicial', 20),
(511141, '20279391137', 'Emiliano Marino', 'MINISTERIO DE HABITAT Y DESARROLLO HUMANO', 'VICEJEFE DE GOBIERNO', '2016-10-07', 'Inicial', 21),
(511142, '20279391137', 'Emiliano Marino', 'MINISTERIO DE HABITAT Y DESARROLLO HUMANO', 'VICEJEFE DE GOBIERNO', '2016-10-07', 'Inicial', 22),
(511207, '20279391137', 'Emiliano Marino', 'MINISTERIO DE HABITAT Y DESARROLLO HUMANO', 'VICEJEFE DE GOBIERNO', '2016-10-11', 'Inicial', 25),
(511220, '20279391137', 'Emiliano Marino', 'MINISTERIO DE HABITAT Y DESARROLLO HUMANO', 'VICEJEFE DE GOBIERNO', '2016-10-11', 'Inicial', 23),
(511221, '20279391137', 'Emiliano Marino', 'MINISTERIO DE HABITAT Y DESARROLLO HUMANO', 'VICEJEFE DE GOBIERNO', '2016-10-11', 'Inicial', 24),
(511271, '20279391137', 'Emiliano Marino', 'MINISTERIO DE HABITAT Y DESARROLLO HUMANO', 'VICEJEFE DE GOBIERNO', '2016-10-12', 'Inicial', 26),
(511275, '20279391137', 'Emiliano Marino', 'MINISTERIO DE HABITAT Y DESARROLLO HUMANO', 'VICEJEFE DE GOBIERNO', '2016-10-12', 'Inicial', 27),
(511802, '20279391137', 'Emiliano Marino', 'MINISTERIO DE HABITAT Y DESARROLLO HUMANO', 'VICEJEFE DE GOBIERNO', '2016-10-12', 'Inicial', 28),
(511803, '20279391137', 'Emiliano Marino', 'MINISTERIO DE HABITAT Y DESARROLLO HUMANO', 'VICEJEFE DE GOBIERNO', '2016-10-12', 'Inicial', 29),
(513159, '20279391137', 'Emiliano Marino', 'MINISTERIO DE HABITAT Y DESARROLLO HUMANO', 'VICEJEFE DE GOBIERNO', '2016-10-12', 'Inicial', 30),
(523652, '20279391137', 'Emiliano Marino', 'MINISTERIO DE HABITAT Y DESARROLLO HUMANO', 'VICEJEFE DE GOBIERNO', '2016-10-13', 'Inicial', 31),
(523653, '20279391137', 'Emiliano Marino', 'MINISTERIO DE HABITAT Y DESARROLLO HUMANO', 'VICEJEFE DE GOBIERNO', '2016-10-13', 'Inicial', 32),
(523654, '20279391137', 'Emiliano Marino', 'MINISTERIO DE HABITAT Y DESARROLLO HUMANO', 'VICEJEFE DE GOBIERNO', '2016-10-13', 'Inicial', 33),
(562780, '20279391137', 'Emiliano Marino', 'MINISTERIO DE HABITAT Y DESARROLLO HUMANO', 'VICEJEFE DE GOBIERNO', '2016-10-14', 'Inicial', 34),
(562782, '20279391137', 'Emiliano Marino', 'MINISTERIO DE HABITAT Y DESARROLLO HUMANO', 'VICEJEFE DE GOBIERNO', '2016-10-14', 'Inicial', 35),
(562790, '20279391137', 'Emiliano Marino', 'MINISTERIO DE HABITAT Y DESARROLLO HUMANO', 'VICEJEFE DE GOBIERNO', '2016-10-14', 'Inicial', 36),
(562793, '20279391137', 'Emiliano Marino', 'MINISTERIO DE HABITAT Y DESARROLLO HUMANO', 'VICEJEFE DE GOBIERNO', '2016-10-14', 'Inicial', 37),
(569494, '20279391137', 'Emiliano Marino', 'MINISTERIO DE HABITAT Y DESARROLLO HUMANO', 'VICEJEFE DE GOBIERNO', '2016-10-17', 'Inicial', 38),
(575292, '20279391137', 'Emiliano Marino', 'MINISTERIO DE HABITAT Y DESARROLLO HUMANO', 'VICEJEFE DE GOBIERNO', '2016-10-17', 'Inicial', 39),
(575619, '20279391137', 'Emiliano Marino', 'MINISTERIO DE HABITAT Y DESARROLLO HUMANO', 'VICEJEFE DE GOBIERNO', '2016-10-17', 'Inicial', 40),
(578388, '20279391137', 'Emiliano Marino', 'MINISTERIO DE HABITAT Y DESARROLLO HUMANO', 'VICEJEFE DE GOBIERNO', '2016-10-17', 'Inicial', 41),
(578392, '20279391137', 'Emiliano Marino', 'MINISTERIO DE HABITAT Y DESARROLLO HUMANO', 'VICEJEFE DE GOBIERNO', '2016-10-17', 'Inicial', 42),
(578393, '20361722311', 'Juan Manuel Duran', 'F/N SINDICATURA GENERAL DE LA CDAD.DE BS.AS.', 'MINISTRO', '2016-10-17', 'Inicial', 2),
(578395, '20361722311', 'Juan Manuel Duran', 'F/N SINDICATURA GENERAL DE LA CDAD.DE BS.AS.', 'MINISTRO', '2016-10-17', 'Actualizacion', 1),
(587565, '20361722311', 'Juan Manuel Duran', 'F/N SINDICATURA GENERAL DE LA CDAD.DE BS.AS.', 'MINISTRO', '2016-10-17', 'Inicial', 1),
(590262, '20048208372', 'JDURAN1', 'F/N PROCURACION GENERAL DE LA CIUDAD', 'SUBSECRETARIO', '2016-10-17', 'Inicial', 1),
(590263, '20048208372', 'JDURAN1', 'F/N PROCURACION GENERAL DE LA CIUDAD', 'SUBSECRETARIO', '2016-10-17', 'Actualizacion', 1),
(593135, '20279391137', 'Emiliano Marino', 'MINISTERIO DE HABITAT Y DESARROLLO HUMANO', 'VICEJEFE DE GOBIERNO', '2016-10-17', 'Inicial', 43),
(594848, '20048208372', 'JDURAN1', 'F/N PROCURACION GENERAL DE LA CIUDAD', 'SUBSECRETARIO', '2016-10-17', 'Actualizacion', 2),
(594849, '20048208372', 'JDURAN1', 'F/N PROCURACION GENERAL DE LA CIUDAD', 'SUBSECRETARIO', '2016-10-17', 'Final', 1),
(617613, '20361722311', 'Juan Manuel Duran', 'F/N SINDICATURA GENERAL DE LA CDAD.DE BS.AS.', 'MINISTRO', '2016-10-18', 'Actualizacion', 1),
(620293, '20361722311', 'Juan Manuel Duran', 'F/N SINDICATURA GENERAL DE LA CDAD.DE BS.AS.', 'MINISTRO', '2016-10-18', 'Actualizacion', 2),
(620294, '20361722311', 'Juan Manuel Duran', 'F/N SINDICATURA GENERAL DE LA CDAD.DE BS.AS.', 'MINISTRO', '2016-10-18', 'Actualizacion', 3),
(630084, '20279391137', 'Emiliano Marino', 'MINISTERIO DE HABITAT Y DESARROLLO HUMANO', 'VICEJEFE DE GOBIERNO', '2016-10-25', 'Inicial', 44),
(630340, '20279391137', 'Emiliano Marino', 'MINISTERIO DE HABITAT Y DESARROLLO HUMANO', 'VICEJEFE DE GOBIERNO', '2016-10-27', 'Inicial', 45),
(630396, '20279391137', 'Emiliano Marino', 'MINISTERIO DE HABITAT Y DESARROLLO HUMANO', 'VICEJEFE DE GOBIERNO', '2016-10-27', 'Actualizacion', 1),
(630420, '27309270148', 'Paula Castello', 'BANCO CIUDAD', 'AUDITOR', '2016-10-28', 'Inicial', 1),
(630517, '27329478616', 'Cecilia Sanchez', 'JEFATURA DE GOBIERNO', 'N/A', '2016-10-31', 'Inicial', 5),
(630518, '20279391137', 'Emiliano Marino', 'MINISTERIO DE HABITAT Y DESARROLLO HUMANO', 'VICEJEFE DE GOBIERNO', '2016-10-31', 'Inicial', 1),
(630519, '27329478616', 'Cecilia Sanchez', 'JEFATURA DE GOBIERNO', 'N/A', '2016-10-31', 'Inicial', 6),
(630520, '20279391137', 'Emiliano Marino', 'MINISTERIO DE HABITAT Y DESARROLLO HUMANO', 'VICEJEFE DE GOBIERNO', '2016-10-31', 'Inicial', 2),
(630521, '20279391137', 'Emiliano Marino', 'MINISTERIO DE HABITAT Y DESARROLLO HUMANO', 'VICEJEFE DE GOBIERNO', '2016-10-31', 'Inicial', 3),
(630523, '27329478616', 'Cecilia Sanchez', 'JEFATURA DE GOBIERNO', 'N/A', '2016-10-31', 'Inicial', 7),
(630524, '20361722311', 'Juan Manuel Duran', 'F/N SINDICATURA GENERAL DE LA CDAD.DE BS.AS.', 'MINISTRO', '2016-10-31', 'Actualizacion', 4),
(630526, '20361722311', 'Juan Manuel Duran', 'F/N SINDICATURA GENERAL DE LA CDAD.DE BS.AS.', 'MINISTRO', '2016-10-31', 'Actualizacion', 5),
(630560, '27309270148', 'Paula Castello', 'BANCO CIUDAD', 'AUDITOR', '2016-10-31', 'Actualizacion', 1),
(630576, '20361722311', 'Juan Manuel Duran', 'F/N SINDICATURA GENERAL DE LA CDAD.DE BS.AS.', 'MINISTRO', '2016-10-31', 'Actualizacion', 6),
(630582, '20361722311', 'Juan Manuel Duran', 'F/N SINDICATURA GENERAL DE LA CDAD.DE BS.AS.', 'MINISTRO', '2016-10-31', 'Actualizacion', 7),
(630583, '20361722311', 'Juan Manuel Duran', 'F/N SINDICATURA GENERAL DE LA CDAD.DE BS.AS.', 'MINISTRO', '2016-10-31', 'Actualizacion', 8),
(630587, '20361722311', 'Juan Manuel Duran', 'F/N SINDICATURA GENERAL DE LA CDAD.DE BS.AS.', 'MINISTRO', '2016-10-31', 'Actualizacion', 9),
(630791, '20118748698', 'JDURAN.LIC', 'JEFATURA DE GOBIERNO', 'ASESOR', '2016-11-01', 'Inicial', 1),
(630794, '20118748698', 'JDURAN.LIC', 'JEFATURA DE GOBIERNO', 'ASESOR', '2016-11-01', 'Actualizacion', 1),
(630959, '20068861536', 'JDURANMULTI', 'JEFATURA DE GOBIERNO', 'ASESOR', '2016-11-02', 'Inicial', 1),
(630970, '20068861536', 'JDURANMULTI', 'JEFATURA DE GOBIERNO', 'ASESOR', '2016-11-02', 'Actualizacion', 1),
(630971, '20068861536', 'JDURANMULTI', 'JEFATURA DE GOBIERNO', 'ASESOR', '2016-11-02', 'Actualizacion', 2),
(630973, '20068861536', 'JDURANMULTI', 'JEFATURA DE GOBIERNO', 'ASESOR', '2016-11-02', 'Actualizacion', 3),
(630986, '20068861536', 'JDURANMULTI', 'JEFATURA DE GOBIERNO', 'ASESOR', '2016-11-02', 'Final', 1),
(631035, '20293569798', 'Orlando Nuske', 'MINISTERIO DE MODERNIZACION INNOVACION Y TECNOLOGIA', 'SECRETARIO', '2016-11-02', 'Inicial', 1),
(631037, '27309270148', 'Paula Castello', 'F/N PROCURACION GENERAL DE LA CIUDAD', 'MINISTRO', '2016-11-02', 'Inicial', 1),
(631038, '27309270148', 'Paula Castello', 'F/N PROCURACION GENERAL DE LA CIUDAD', 'MINISTRO', '2016-11-02', 'Actualizacion', 1),
(631063, '20279391137', 'Emiliano Marino', 'MINISTERIO DE HACIENDA', 'VICEJEFE DE GOBIERNO', '2016-11-03', 'Inicial', 1),
(631070, '99999998379', 'diegosantilli@buenosaires.gob.ar', 'VICEJEFATURA DE GOBIERNO', 'JEFE DE GOBIERNO', '2016-11-03', 'Inicial', 1),
(631072, '20361722311', 'Juan Manuel Duran', 'F/N SINDICATURA GENERAL DE LA CDAD.DE BS.AS.', 'MINISTRO', '2016-11-03', 'Actualizacion', 10),
(631073, '20361722311', 'Juan Manuel Duran', 'F/N SINDICATURA GENERAL DE LA CDAD.DE BS.AS.', 'MINISTRO', '2016-11-03', 'Actualizacion', 11),
(631079, '20279391137', 'Emiliano Marino', 'MINISTERIO DE HACIENDA', 'VICEJEFE DE GOBIERNO', '2016-11-03', 'Inicial', 2),
(631086, '20279391137', 'Emiliano Marino', 'MINISTERIO DE HACIENDA', 'VICEJEFE DE GOBIERNO', '2016-11-03', 'Inicial', 3),
(631087, '99999998379', 'diegosantilli@buenosaires.gob.ar', 'VICEJEFATURA DE GOBIERNO', 'VICEJEFE DE GOBIERNO', '2016-11-03', 'Actualizacion', 1),
(631088, '20279391137', 'Emiliano Marino', 'MINISTERIO DE HACIENDA', 'VICEJEFE DE GOBIERNO', '2016-11-03', 'Inicial', 4),
(631089, '20279391137', 'Emiliano Marino', 'MINISTERIO DE HACIENDA', 'VICEJEFE DE GOBIERNO', '2016-11-03', 'Actualizacion', 1),
(631095, '20279391137', 'Emiliano Marino', 'MINISTERIO DE HACIENDA', 'VICEJEFE DE GOBIERNO', '2016-11-03', 'Inicial', 1),
(631100, '20076866032', 'DURAGRTRESR2', 'F/N SINDICATURA GENERAL DE LA CDAD.DE BS.AS.', 'GERENTE OPERATIVO', '2016-11-03', 'Inicial', 1),
(631101, '20076866032', 'DURAGRTRESR2', 'F/N SINDICATURA GENERAL DE LA CDAD.DE BS.AS.', 'GERENTE OPERATIVO', '2016-11-03', 'Actualizacion', 1),
(631106, '99999998379', 'diegosantilli@buenosaires.gob.ar', 'VICEJEFATURA DE GOBIERNO', 'VICEJEFE DE GOBIERNO', '2016-11-04', 'Actualizacion', 3),
(631107, '99999998379', 'diegosantilli@buenosaires.gob.ar', 'VICEJEFATURA DE GOBIERNO', 'VICEJEFE DE GOBIERNO', '2016-11-04', 'Actualizacion', 4),
(631108, '20279391137', 'Emiliano Marino', 'MINISTERIO DE HACIENDA', 'VICEJEFE DE GOBIERNO', '2016-11-04', 'Inicial', 2),
(631109, '99999998379', 'diegosantilli@buenosaires.gob.ar', 'VICEJEFATURA DE GOBIERNO', 'VICEJEFE DE GOBIERNO', '2016-11-04', 'Actualizacion', 5),
(631115, '99999998379', 'diegosantilli@buenosaires.gob.ar', 'VICEJEFATURA DE GOBIERNO', 'VICEJEFE DE GOBIERNO', '2016-11-04', 'Actualizacion', 6),
(631141, '99999998379', 'diegosantilli@buenosaires.gob.ar', 'VICEJEFATURA DE GOBIERNO', 'VICEJEFE DE GOBIERNO', '2016-11-03', 'Actualizacion', 2),
(631175, '27329478616', 'Cecilia Sanchez', 'JEFATURA DE GOBIERNO', 'N/A', '2016-11-04', 'Inicial', 8),
(631176, '99999998379', 'diegosantilli@buenosaires.gob.ar', 'VICEJEFATURA DE GOBIERNO', 'VICEJEFE DE GOBIERNO', '2016-11-04', 'Actualizacion', 7),
(631278, '20271852259', 'Juan Escudero', 'JEFATURA DE GOBIERNO', 'DIRECTOR GENERAL', '2016-11-07', 'Inicial', 1),
(631348, '20279391137', 'Emiliano Marino', 'MINISTERIO DE HACIENDA', 'VICEJEFE DE GOBIERNO', '2016-11-07', 'Inicial', 3),
(631359, '27309270148', 'Paula Castello', 'F/N PROCURACION GENERAL DE LA CIUDAD', 'MINISTRO', '2016-11-07', 'Inicial', 1),
(631393, '20279391137', 'Emiliano Marino', 'MINISTERIO DE HACIENDA', 'VICEJEFE DE GOBIERNO', '2016-11-07', 'Inicial', 4),
(631405, '20279391137', 'Emiliano Marino', 'MINISTERIO DE HACIENDA', 'VICEJEFE DE GOBIERNO', '2016-11-07', 'Inicial', 5),
(631410, '20279391137', 'Emiliano Marino', 'MINISTERIO DE HACIENDA', 'VICEJEFE DE GOBIERNO', '2016-11-07', 'Inicial', 6),
(631518, '99999998379', 'diegosantilli@buenosaires.gob.ar', 'VICEJEFATURA DE GOBIERNO', 'VICEJEFE DE GOBIERNO', '2016-11-08', 'Actualizacion', 8),
(631529, '20361722311', 'Juan Manuel Duran', 'F/N SINDICATURA GENERAL DE LA CDAD.DE BS.AS.', 'MINISTRO', '2016-11-08', 'Actualizacion', 12),
(631594, '27309270148', 'Paula Castello', 'F/N PROCURACION GENERAL DE LA CIUDAD', 'MINISTRO', '2016-11-10', 'Actualizacion', 1),
(631703, '20361722311', 'Juan Manuel Duran', 'F/N SINDICATURA GENERAL DE LA CDAD.DE BS.AS.', 'MINISTRO', '2016-11-10', 'Actualizacion', 13);

-- --------------------------------------------------------

--
-- Estructura de tabla para la tabla `declarantes`
--

CREATE TABLE IF NOT EXISTS `declarantes` (
  `cuit` varchar(15) NOT NULL,
  `nombre` varchar(100) NOT NULL,
  `ministerio` varchar(100) DEFAULT NULL,
  `cargo` varchar(100) DEFAULT NULL,
  `ultima` date DEFAULT NULL,
  `uuid_last` int(11) NOT NULL,
  PRIMARY KEY (`cuit`)
) ENGINE=InnoDB DEFAULT CHARSET=utf8;

--
-- Volcado de datos para la tabla `declarantes`
--

INSERT INTO `declarantes` (`cuit`, `nombre`, `ministerio`, `cargo`, `ultima`, `uuid_last`) VALUES
('20048208372', 'JDURAN1', 'F/N PROCURACION GENERAL DE LA CIUDAD', 'SUBSECRETARIO', '2016-10-17', 590262),
('20068861536', 'JDURANMULTI', 'JEFATURA DE GOBIERNO', 'ASESOR', '2016-11-02', 630959),
('20076866032', 'DURAGRTRESR2', 'F/N SINDICATURA GENERAL DE LA CDAD.DE BS.AS.', 'GERENTE OPERATIVO', '2016-11-03', 631100),
('20118748698', 'JDURAN.LIC', 'JEFATURA DE GOBIERNO', 'ASESOR', '2016-11-01', 630791),
('20271852259', 'Juan Escudero', 'JEFATURA DE GOBIERNO', 'DIRECTOR GENERAL', '2016-11-07', 631278),
('20279391137', 'Emiliano Marino', 'MINISTERIO DE HACIENDA', 'VICEJEFE DE GOBIERNO', '2016-11-07', 631348),
('20293569798', 'Orlando Nuske', 'MINISTERIO DE MODERNIZACION INNOVACION Y TECNOLOGIA', 'SECRETARIO', '2016-11-02', 631035),
('20361722311', 'Juan Manuel Duran', 'F/N SINDICATURA GENERAL DE LA CDAD.DE BS.AS.', 'MINISTRO', '2016-11-10', 631703),
('27309270148', 'Paula Castello', 'F/N PROCURACION GENERAL DE LA CIUDAD', 'MINISTRO', '2016-11-10', 631594),
('27329478616', 'Cecilia Sanchez', 'JEFATURA DE GOBIERNO', 'N/A', '2016-11-04', 631175),
('99999998379', 'diegosantilli@buenosaires.gob.ar', 'VICEJEFATURA DE GOBIERNO', 'VICEJEFE DE GOBIERNO', '2016-11-08', 631518);

-- --------------------------------------------------------

--
-- Estructura de tabla para la tabla `ministerios`
--

CREATE TABLE IF NOT EXISTS `ministerios` (
  `ministerio` varchar(100) NOT NULL,
  PRIMARY KEY (`ministerio`)
) ENGINE=InnoDB DEFAULT CHARSET=utf8;

--
-- Volcado de datos para la tabla `ministerios`
--

INSERT INTO `ministerios` (`ministerio`) VALUES
('BANCO CIUDAD'),
('F/N PROCURACION GENERAL DE LA CIUDAD'),
('F/N SINDICATURA GENERAL DE LA CDAD.DE BS.AS.'),
('JEFATURA DE GOBIERNO'),
('MINISTERIO DE HABITAT Y DESARROLLO HUMANO'),
('MINISTERIO DE HACIENDA'),
('MINISTERIO DE MODERNIZACION INNOVACION Y TECNOLOGIA'),
('N/A'),
('VICEJEFATURA DE GOBIERNO');

/*!40101 SET CHARACTER_SET_CLIENT=@OLD_CHARACTER_SET_CLIENT */;
/*!40101 SET CHARACTER_SET_RESULTS=@OLD_CHARACTER_SET_RESULTS */;
/*!40101 SET COLLATION_CONNECTION=@OLD_COLLATION_CONNECTION */;
